1.00,4.15
2.00,3.20
3.00,3.02
4.00,2.73
5.00,3.01
6.00,3.88
7.00,3.41
8.00,3.01
9.00,2.66
10.00,3.54
11.00,3.79
12.00,2.36
13.00,3.26
14.00,3.54
15.00,2.46
16.00,3.79
17.00,4.03
18.00,3.34
19.00,2.48
20.00,2.54
21.00,3.62
22.00,3.35
23.00,2.86
24.00,3.18
25.00,3.65
26.00,3.53
27.00,2.93
28.00,4.06
29.00,4.06
30.00,3.65
31.00,3.11
32.00,3.95
33.00,3.00
34.00,3.89
35.00,3.31
36.00,3.96
37.00,3.50
38.00,2.82
39.00,3.62
40.00,3.93
41.00,3.96
42.00,2.87
43.00,3.45
44.00,2.79
45.00,3.42
46.00,3.11
47.00,4.11
48.00,2.98
49.00,3.74
50.00,4.52
52.00,3.64
53.00,4.75
54.00,2.56
55.00,3.07
56.00,2.00
57.00,3.40
58.00,4.09
59.00,2.75
60.00,3.21
61.00,3.00
62.00,3.70
63.00,2.86
64.00,2.27
65.00,2.06
66.00,1.67
67.00,3.25
68.00,3.45
69.00,3.66
70.00,3.16
71.00,2.10
72.00,3.63
73.00,3.82
74.00,2.97
75.00,1.92
76.00,2.85
77.00,3.76
78.00,3.26
79.00,2.61
80.00,3.83
81.00,3.16
82.00,3.88
83.00,3.70
84.00,3.10
85.00,3.40
86.00,3.39
87.00,2.21
88.00,2.94
89.00,3.07
90.00,3.67
92.00,2.34
93.00,2.24
94.00,3.73
95.00,2.88
96.00,3.92
97.00,3.75
98.00,2.00
99.00,3.46
100.00,3.06
101.00,3.87
102.00,1.82
103.00,3.21
104.00,3.53
105.00,3.23
106.00,3.58
107.00,3.15
108.00,2.86
110.00,4.23
111.00,4.18
112.00,3.44
113.00,2.98
114.00,3.09
116.00,4.10
117.00,3.63
118.00,3.07
119.00,2.46
120.00,2.67
121.00,4.05
122.00,2.77
123.00,3.87
124.00,3.21
125.00,3.83
126.00,1.99
127.00,1.00
128.00,4.33
129.00,3.31
130.00,4.00
131.00,3.06
132.00,2.49
133.00,1.00
134.00,4.00
135.00,2.81
136.00,3.25
137.00,3.00
138.00,2.50
139.00,4.00
140.00,3.17
141.00,3.55
142.00,1.00
144.00,3.39
145.00,3.30
146.00,2.89
147.00,3.54
148.00,2.78
149.00,3.79
150.00,4.07
151.00,3.59
152.00,3.00
153.00,2.64
154.00,3.73
155.00,3.41
156.00,3.56
157.00,2.73
158.00,2.98
159.00,3.28
160.00,2.24
161.00,3.72
162.00,4.06
163.00,3.46
164.00,3.57
165.00,3.56
166.00,2.46
167.00,3.60
168.00,2.95
169.00,2.02
170.00,3.15
171.00,3.57
172.00,2.58
173.00,2.31
174.00,2.31
175.00,3.48
176.00,3.92
177.00,2.73
178.00,3.47
179.00,2.21
180.00,3.55
181.00,1.61
182.00,3.14
183.00,3.48
184.00,3.35
185.00,2.87
186.00,2.76
187.00,3.24
188.00,3.22
189.00,3.40
190.00,3.75
191.00,2.47
192.00,3.00
193.00,2.05
194.00,3.76
195.00,2.84
196.00,2.82
197.00,3.06
198.00,3.30
199.00,3.81
200.00,2.42
201.00,2.64
202.00,2.50
203.00,3.05
204.00,2.92
205.00,3.61
206.00,3.67
207.00,3.13
208.00,2.63
209.00,2.46
210.00,3.15
211.00,3.56
212.00,1.93
213.00,4.06
214.00,4.25
215.00,3.81
216.00,3.18
217.00,2.62
218.00,3.13
219.00,3.18
220.00,1.82
222.00,3.55
223.00,3.95
224.00,3.39
225.00,3.17
226.00,2.00
227.00,2.67
228.00,2.15
229.00,3.50
230.00,3.45
231.00,3.19
232.00,4.08
233.00,3.61
234.00,2.22
235.00,3.70
236.00,3.30
237.00,2.97
238.00,2.81
239.00,2.88
240.00,2.71
241.00,3.31
242.00,3.50
243.00,2.10
244.00,1.90
245.00,3.00
246.00,4.19
247.00,3.87
248.00,2.91
249.00,3.76
250.00,2.60
251.00,3.28
252.00,3.27
253.00,3.52
254.00,3.08
255.00,2.06
256.00,2.65
257.00,3.23
258.00,2.42
259.00,2.84
260.00,4.45
261.00,3.65
262.00,3.87
263.00,3.86
264.00,3.20
265.00,3.93
266.00,3.43
267.00,2.73
268.00,3.37
269.00,3.53
270.00,3.04
271.00,3.14
272.00,3.73
273.00,2.90
274.00,2.38
275.00,2.54
276.00,2.69
277.00,3.18
278.00,2.75
279.00,3.72
280.00,3.57
281.00,3.65
282.00,3.22
283.00,3.00
286.00,3.00
287.00,2.90
288.00,3.14
289.00,3.34
290.00,3.92
291.00,2.21
292.00,3.27
293.00,4.11
294.00,3.10
295.00,2.76
296.00,4.28
297.00,3.11
298.00,3.91
299.00,3.66
300.00,3.76
301.00,3.30
302.00,3.81
303.00,2.98
304.00,3.14
305.00,2.50
306.00,4.23
307.00,4.10
308.00,3.97
309.00,3.69
310.00,2.67
311.00,3.00
312.00,2.44
313.00,2.89
314.00,3.85
315.00,2.65
316.00,3.49
317.00,3.19
318.00,4.55
319.00,3.89
320.00,3.41
321.00,3.75
322.00,3.71
324.00,3.97
325.00,2.45
326.00,4.34
327.00,2.61
328.00,3.11
329.00,3.38
330.00,2.73
331.00,3.10
332.00,2.55
333.00,3.50
334.00,3.86
335.00,3.49
336.00,2.68
337.00,3.84
338.00,2.88
339.00,3.50
340.00,3.27
341.00,3.84
342.00,3.68
343.00,2.43
344.00,3.15
345.00,3.81
346.00,3.53
347.00,3.17
348.00,3.70
349.00,3.73
350.00,3.39
351.00,3.34
352.00,3.13
353.00,3.45
354.00,3.18
355.00,2.35
356.00,4.09
357.00,3.74
358.00,3.17
359.00,3.21
360.00,2.50
361.00,3.42
362.00,3.36
363.00,4.26
364.00,3.86
365.00,3.17
366.00,2.82
367.00,3.28
368.00,3.52
369.00,3.31
370.00,2.90
371.00,3.18
372.00,3.15
373.00,3.86
374.00,2.11
375.00,3.29
376.00,3.25
377.00,3.57
378.00,2.89
379.00,2.89
380.00,3.63
381.00,3.26
382.00,2.93
383.00,3.27
384.00,2.90
385.00,3.40
386.00,2.60
387.00,2.75
388.00,3.64
389.00,3.70
390.00,3.54
391.00,3.28
392.00,2.80
393.00,1.86
394.00,3.67
396.00,4.00
397.00,2.42
398.00,4.00
401.00,3.00
402.00,3.00
404.00,3.75
405.00,2.12
406.00,3.62
407.00,2.91
408.00,3.32
409.00,3.02
410.00,2.91
411.00,2.62
412.00,3.56
413.00,2.53
414.00,2.66
415.00,2.48
416.00,2.43
417.00,3.49
418.00,2.52
419.00,2.19
420.00,2.51
421.00,3.36
422.00,3.12
423.00,3.11
424.00,2.60
425.00,3.61
426.00,3.08
427.00,2.37
428.00,3.93
429.00,2.38
430.00,2.42
431.00,3.69
432.00,2.58
433.00,2.79
434.00,3.08
435.00,2.61
436.00,2.65
437.00,2.05
438.00,2.62
439.00,4.50
440.00,3.81
441.00,3.69
442.00,2.99
443.00,3.39
444.00,2.30
445.00,2.61
446.00,4.08
447.00,2.48
448.00,3.60
449.00,3.66
450.00,3.28
451.00,3.15
452.00,3.29
453.00,3.22
454.00,3.55
455.00,2.59
456.00,4.00
457.00,4.10
458.00,3.28
459.00,2.83
460.00,2.26
461.00,3.28
462.00,2.64
463.00,2.74
464.00,2.78
465.00,3.31
466.00,2.80
467.00,3.20
468.00,3.27
469.00,2.96
470.00,1.74
471.00,3.63
472.00,2.70
473.00,2.23
474.00,3.83
475.00,3.90
476.00,2.69
477.00,3.47
478.00,2.46
479.00,2.80
480.00,3.76
481.00,3.38
482.00,3.53
483.00,3.74
484.00,2.66
485.00,2.51
486.00,2.81
487.00,2.61
488.00,3.38
489.00,2.47
490.00,3.32
491.00,3.32
492.00,3.72
493.00,3.61
494.00,3.35
495.00,3.38
496.00,3.22
497.00,4.00
498.00,2.74
499.00,2.76
500.00,3.42
501.00,3.61
502.00,1.94
503.00,3.69
504.00,2.96
505.00,2.49
506.00,3.49
507.00,3.52
508.00,3.89
509.00,3.67
510.00,2.40
511.00,3.11
512.00,2.87
513.00,3.12
514.00,3.53
515.00,3.92
516.00,2.87
517.00,3.18
518.00,2.46
519.00,1.94
520.00,2.93
521.00,3.37
522.00,3.57
523.00,3.66
524.00,3.62
525.00,3.19
526.00,2.50
527.00,4.51
528.00,2.51
529.00,3.98
530.00,3.50
531.00,3.77
532.00,3.05
533.00,2.73
534.00,3.84
535.00,3.82
536.00,3.16
537.00,3.08
538.00,3.82
539.00,3.76
540.00,2.22
541.00,4.27
542.00,2.67
543.00,3.38
544.00,2.64
545.00,2.00
546.00,1.87
547.00,2.88
548.00,2.55
549.00,3.82
550.00,3.02
551.00,3.72
552.00,3.24
553.00,3.87
554.00,2.62
555.00,3.93
556.00,4.23
557.00,4.50
558.00,2.70
559.00,3.00
560.00,3.62
561.00,3.62
562.00,3.80
563.00,3.24
564.00,2.27
565.00,3.13
566.00,2.92
567.00,3.57
568.00,3.86
569.00,2.93
570.00,3.22
571.00,3.59
572.00,3.00
573.00,3.52
574.00,3.45
575.00,2.82
576.00,3.00
577.00,2.96
578.00,4.50
579.00,2.00
580.00,3.24
581.00,4.05
582.00,3.00
583.00,3.68
584.00,4.00
585.00,2.91
586.00,3.13
587.00,3.50
588.00,3.79
589.00,4.06
590.00,3.92
591.00,2.00
592.00,3.60
593.00,4.35
594.00,3.85
595.00,3.89
596.00,3.75
597.00,3.64
598.00,4.25
599.00,4.09
600.00,3.00
601.00,3.00
602.00,4.12
603.00,3.00
605.00,3.31
606.00,2.23
607.00,2.00
608.00,4.25
609.00,2.78
610.00,3.55
611.00,2.47
612.00,2.41
613.00,3.63
614.00,2.67
615.00,4.04
616.00,3.35
617.00,3.65
618.00,2.11
619.00,2.59
621.00,3.71
623.00,3.00
624.00,4.00
626.00,2.26
627.00,3.60
628.00,3.90
630.00,2.86
631.00,2.08
632.00,4.00
633.00,3.60
634.00,1.67
635.00,3.62
637.00,2.54
638.00,3.21
639.00,2.62
640.00,2.68
641.00,1.00
642.00,2.00
643.00,2.00
644.00,2.00
645.00,3.60
647.00,3.55
648.00,3.43
649.00,4.19
650.00,3.47
651.00,2.00
652.00,2.89
653.00,3.23
655.00,1.00
656.00,2.56
657.00,3.00
658.00,3.00
659.00,3.72
660.00,1.50
661.00,3.46
662.00,2.98
663.00,3.42
664.00,3.00
665.00,3.66
666.00,3.33
667.00,2.04
668.00,4.40
669.00,4.17
670.00,4.41
671.00,3.68
672.00,2.00
673.00,2.62
674.00,3.02
678.00,4.25
679.00,3.50
680.00,3.36
681.00,3.93
682.00,3.50
684.00,1.00
685.00,3.30
687.00,3.00
688.00,2.28
690.00,2.00
691.00,3.10
692.00,2.11
694.00,2.65
695.00,3.18
696.00,3.25
697.00,2.55
698.00,2.20
700.00,3.32
701.00,4.00
702.00,3.67
703.00,1.60
704.00,2.31
705.00,3.83
706.00,2.50
707.00,3.09
708.00,3.43
709.00,3.04
710.00,2.33
711.00,2.50
712.00,3.50
714.00,3.89
715.00,3.62
716.00,2.68
717.00,4.00
718.00,3.48
719.00,2.86
720.00,4.43
722.00,3.81
724.00,3.09
725.00,2.79
726.00,3.00
728.00,3.76
729.00,3.67
730.00,1.00
731.00,2.85
732.00,2.83
733.00,3.72
734.00,3.00
735.00,3.36
736.00,3.17
737.00,2.03
741.00,4.09
742.00,2.53
743.00,2.57
744.00,2.00
745.00,4.52
746.00,4.00
747.00,2.00
748.00,3.15
749.00,2.75
750.00,4.45
751.00,3.53
753.00,3.16
754.00,2.92
755.00,3.78
756.00,3.00
757.00,3.75
758.00,4.00
759.00,4.10
760.00,3.52
761.00,2.79
762.00,2.18
763.00,3.00
764.00,3.27
765.00,2.63
766.00,3.57
767.00,3.21
769.00,3.25
771.00,3.78
774.00,4.00
775.00,3.22
776.00,3.00
778.00,3.96
779.00,2.69
780.00,3.51
781.00,3.38
782.00,2.55
783.00,3.22
784.00,2.73
785.00,3.48
786.00,3.12
787.00,5.00
788.00,3.00
789.00,3.00
790.00,3.00
791.00,3.50
792.00,4.00
793.00,2.60
796.00,3.33
798.00,2.71
799.00,3.35
800.00,4.08
801.00,3.10
802.00,3.50
803.00,3.68
804.00,2.98
805.00,3.59
806.00,3.17
807.00,3.00
808.00,3.40
809.00,2.57
810.00,1.47
811.00,3.89
813.00,2.51
814.00,3.00
815.00,2.00
818.00,2.56
820.00,3.25
821.00,2.00
823.00,3.25
824.00,3.93
826.00,1.00
827.00,3.00
828.00,2.91
829.00,2.29
830.00,2.95
831.00,3.85
832.00,3.48
833.00,2.18
834.00,2.00
835.00,3.13
836.00,2.65
837.00,3.48
838.00,3.88
839.00,2.21
840.00,2.56
841.00,3.40
842.00,2.59
843.00,1.00
844.00,3.57
846.00,3.74
847.00,1.86
848.00,3.44
849.00,2.51
850.00,3.67
851.00,3.50
852.00,3.22
853.00,4.00
854.00,3.62
858.00,4.52
859.00,2.00
860.00,3.60
861.00,3.51
862.00,3.65
863.00,3.50
864.00,3.58
865.00,2.00
866.00,3.82
867.00,2.21
868.00,3.00
869.00,3.10
870.00,2.18
872.00,3.00
874.00,3.12
875.00,3.39
876.00,2.86
877.00,3.29
878.00,4.00
879.00,2.83
880.00,2.20
881.00,2.62
882.00,2.71
884.00,3.00
885.00,2.58
886.00,2.94
887.00,2.50
888.00,2.21
889.00,2.50
891.00,2.36
892.00,3.86
893.00,3.70
895.00,1.00
896.00,3.43
897.00,3.76
898.00,4.30
899.00,4.28
900.00,3.85
901.00,3.64
902.00,3.91
903.00,4.27
904.00,4.48
905.00,4.28
906.00,4.10
907.00,3.92
908.00,4.38
909.00,4.13
910.00,4.30
911.00,4.18
912.00,4.41
913.00,4.40
914.00,4.15
915.00,3.96
916.00,4.22
917.00,3.68
918.00,3.79
919.00,4.25
920.00,4.00
921.00,3.89
922.00,4.49
923.00,4.39
924.00,4.07
925.00,3.25
926.00,4.26
927.00,3.98
928.00,4.20
929.00,3.78
930.00,4.29
931.00,3.91
932.00,3.95
933.00,4.10
934.00,3.66
935.00,3.63
936.00,4.08
937.00,3.75
938.00,3.62
939.00,3.18
940.00,3.97
941.00,3.70
942.00,4.20
943.00,3.98
944.00,3.79
945.00,4.15
946.00,3.85
947.00,4.11
948.00,3.75
949.00,3.98
950.00,4.24
951.00,4.25
952.00,3.60
953.00,4.30
954.00,4.24
955.00,4.17
956.00,3.55
957.00,3.24
958.00,3.38
959.00,3.74
960.00,3.45
961.00,3.48
962.00,3.55
963.00,3.57
964.00,3.39
965.00,4.08
966.00,4.00
967.00,3.26
968.00,3.67
969.00,4.25
970.00,3.41
971.00,4.05
972.00,3.17
973.00,3.91
974.00,3.75
975.00,1.50
976.00,3.57
977.00,2.00
978.00,3.94
980.00,2.80
981.00,2.75
982.00,3.68
984.00,2.67
985.00,3.75
986.00,3.60
987.00,2.90
988.00,3.38
989.00,5.00
990.00,2.57
991.00,3.52
992.00,2.60
993.00,3.11
994.00,4.10
996.00,2.91
997.00,3.36
998.00,3.01
999.00,3.28
1000.00,3.05
1002.00,4.25
1003.00,2.94
1004.00,2.66
1005.00,2.37
1006.00,3.09
1007.00,2.98
1008.00,3.33
1009.00,3.19
1010.00,3.27
1011.00,2.73
1012.00,3.70
1013.00,3.57
1014.00,3.40
1015.00,3.35
1016.00,3.22
1017.00,3.59
1018.00,3.25
1019.00,3.70
1020.00,3.24
1021.00,2.77
1022.00,3.76
1023.00,3.99
1024.00,3.25
1025.00,3.61
1026.00,3.62
1027.00,3.16
1028.00,3.89
1029.00,3.69
1030.00,3.08
1031.00,3.48
1032.00,3.70
1033.00,3.45
1034.00,3.64
1035.00,3.93
1036.00,4.12
1037.00,2.66
1038.00,3.27
1039.00,3.67
1040.00,3.00
1041.00,4.04
1042.00,3.48
1043.00,2.84
1044.00,3.29
1046.00,4.07
1047.00,3.48
1049.00,3.33
1050.00,3.82
1051.00,3.42
1053.00,2.91
1054.00,3.31
1055.00,2.74
1056.00,3.54
1057.00,3.56
1058.00,3.27
1059.00,3.40
1060.00,3.94
1061.00,3.55
1062.00,2.50
1063.00,3.15
1064.00,2.89
1066.00,4.17
1067.00,3.78
1068.00,3.69
1069.00,3.93
1070.00,3.00
1071.00,3.40
1073.00,3.86
1076.00,4.00
1077.00,3.98
1078.00,3.84
1079.00,3.97
1080.00,4.02
1081.00,3.62
1082.00,3.70
1083.00,3.53
1084.00,4.10
1085.00,3.78
1086.00,4.08
1087.00,3.44
1088.00,3.31
1089.00,4.14
1090.00,4.09
1091.00,2.79
1092.00,3.54
1093.00,3.41
1094.00,3.73
1095.00,3.88
1096.00,3.98
1097.00,3.97
1098.00,2.40
1099.00,3.99
1100.00,2.81
1101.00,3.69
1102.00,2.00
1103.00,3.92
1104.00,4.23
1105.00,1.79
1107.00,2.00
1111.00,4.10
1112.00,3.43
1113.00,3.00
1114.00,2.87
1115.00,1.00
1116.00,3.41
1117.00,4.25
1118.00,2.00
1119.00,3.21
1120.00,3.58
1121.00,3.08
1123.00,3.73
1124.00,3.74
1125.00,3.78
1126.00,2.37
1127.00,3.68
1128.00,2.92
1129.00,3.46
1130.00,3.26
1131.00,4.32
1132.00,4.26
1133.00,2.00
1134.00,3.00
1135.00,3.19
1136.00,4.34
1138.00,3.86
1139.00,4.00
1142.00,1.00
1144.00,3.75
1145.00,2.50
1147.00,4.32
1148.00,4.51
1149.00,3.50
1150.00,3.93
1151.00,3.48
1152.00,3.48
1153.00,3.43
1154.00,3.73
1160.00,2.17
1161.00,3.95
1162.00,3.91
1163.00,2.95
1164.00,3.60
1165.00,1.00
1167.00,2.89
1168.00,2.06
1169.00,3.72
1170.00,1.65
1171.00,3.73
1172.00,4.29
1173.00,3.35
1174.00,3.80
1175.00,4.00
1176.00,3.94
1177.00,3.99
1178.00,4.47
1179.00,3.79
1180.00,3.84
1181.00,2.90
1183.00,3.61
1184.00,3.80
1185.00,3.96
1186.00,3.61
1187.00,3.66
1188.00,3.95
1189.00,4.25
1190.00,3.51
1191.00,3.06
1192.00,4.03
1193.00,4.39
1194.00,3.48
1196.00,4.29
1197.00,4.30
1198.00,4.48
1199.00,4.10
1200.00,4.13
1201.00,4.13
1202.00,3.61
1203.00,4.30
1204.00,4.40
1205.00,3.38
1206.00,4.08
1207.00,4.43
1208.00,4.24
1209.00,4.02
1210.00,4.02
1211.00,4.11
1212.00,4.45
1213.00,4.28
1214.00,4.16
1215.00,3.80
1216.00,3.66
1217.00,4.27
1218.00,4.20
1219.00,4.22
1220.00,3.94
1221.00,4.36
1222.00,4.11
1223.00,4.36
1224.00,4.29
1225.00,4.25
1226.00,4.05
1227.00,3.86
1228.00,4.19
1230.00,4.14
1231.00,4.08
1232.00,3.63
1233.00,4.30
1234.00,4.32
1235.00,4.16
1236.00,4.19
1237.00,4.23
1238.00,4.00
1240.00,4.15
1241.00,3.36
1242.00,4.19
1243.00,3.98
1244.00,4.08
1245.00,4.01
1246.00,4.01
1247.00,4.25
1248.00,4.22
1249.00,4.01
1250.00,4.39
1251.00,4.11
1252.00,4.34
1253.00,4.14
1254.00,4.29
1255.00,3.41
1256.00,4.21
1257.00,3.92
1258.00,4.10
1259.00,4.10
1260.00,4.30
1261.00,3.83
1262.00,4.38
1263.00,4.11
1264.00,4.05
1265.00,3.95
1266.00,4.09
1267.00,4.33
1268.00,3.49
1269.00,4.17
1270.00,3.99
1271.00,3.81
1272.00,4.27
1273.00,3.97
1274.00,3.93
1275.00,3.85
1276.00,4.25
1277.00,3.88
1278.00,4.25
1279.00,3.75
1280.00,4.17
1281.00,4.03
1282.00,3.90
1283.00,4.18
1284.00,4.31
1285.00,3.82
1286.00,3.59
1287.00,4.11
1288.00,4.18
1289.00,3.97
1290.00,3.59
1291.00,4.13
1292.00,4.01
1293.00,4.14
1294.00,4.12
1295.00,3.57
1296.00,4.00
1297.00,3.71
1298.00,3.64
1299.00,4.25
1300.00,4.15
1301.00,3.98
1302.00,3.91
1303.00,4.13
1304.00,4.22
1305.00,3.79
1306.00,3.60
1307.00,4.07
1310.00,3.56
1311.00,1.00
1312.00,3.24
1313.00,2.15
1315.00,2.33
1316.00,4.00
1317.00,3.17
1320.00,3.04
1321.00,3.75
1322.00,1.72
1323.00,1.37
1324.00,1.68
1325.00,1.65
1326.00,2.11
1327.00,2.94
1328.00,1.84
1329.00,2.67
1330.00,3.00
1331.00,3.18
1332.00,2.91
1333.00,3.88
1334.00,3.14
1335.00,1.71
1336.00,2.24
1337.00,3.56
1339.00,3.34
1340.00,3.91
1341.00,2.85
1342.00,2.90
1343.00,3.67
1344.00,3.92
1345.00,3.60
1346.00,3.18
1347.00,3.49
1348.00,3.99
1349.00,3.07
1350.00,3.62
1351.00,3.40
1352.00,2.85
1353.00,3.09
1354.00,3.82
1355.00,2.96
1356.00,3.71
1357.00,3.81
1358.00,4.21
1359.00,2.48
1360.00,3.50
1361.00,4.21
1362.00,4.03
1363.00,2.97
1364.00,3.50
1365.00,3.84
1366.00,3.19
1367.00,3.05
1369.00,3.80
1370.00,3.54
1371.00,3.14
1372.00,3.41
1373.00,2.75
1374.00,3.88
1375.00,3.35
1376.00,3.66
1377.00,2.98
1378.00,3.42
1379.00,2.91
1380.00,3.58
1381.00,1.96
1382.00,2.78
1383.00,1.55
1384.00,3.83
1385.00,3.27
1386.00,1.00
1387.00,4.09
1388.00,2.59
1389.00,1.85
1390.00,3.20
1391.00,2.90
1392.00,3.74
1393.00,3.76
1394.00,4.02
1395.00,3.33
1396.00,3.73
1397.00,3.65
1398.00,3.19
1399.00,3.20
1401.00,3.51
1404.00,3.14
1405.00,3.04
1406.00,3.46
1407.00,3.58
1408.00,3.81
1409.00,3.05
1410.00,2.87
1411.00,3.96
1412.00,3.90
1413.00,3.38
1414.00,3.60
1415.00,3.56
1416.00,3.26
1417.00,2.77
1419.00,3.96
1420.00,4.00
1421.00,3.05
1422.00,3.02
1423.00,4.36
1425.00,3.29
1426.00,2.52
1427.00,2.29
1428.00,3.25
1429.00,3.31
1430.00,1.00
1431.00,2.55
1432.00,2.77
1433.00,1.80
1434.00,4.00
1436.00,2.89
1437.00,3.10
1438.00,2.82
1439.00,2.35
1440.00,2.77
1441.00,3.44
1442.00,3.10
1444.00,3.38
1445.00,2.17
1446.00,4.05
1447.00,3.37
1449.00,4.15
1450.00,3.79
1453.00,2.43
1454.00,3.16
1455.00,2.77
1456.00,2.36
1457.00,3.11
1458.00,2.83
1459.00,3.36
1460.00,2.68
1461.00,2.57
1463.00,3.03
1464.00,3.35
1465.00,3.49
1466.00,3.80
1468.00,2.56
1470.00,4.00
1471.00,3.40
1472.00,3.25
1473.00,2.83
1474.00,2.34
1475.00,3.15
1476.00,3.49
1477.00,3.44
1479.00,3.20
1480.00,3.28
1482.00,3.33
1483.00,2.76
1484.00,3.70
1485.00,3.50
1486.00,3.14
1487.00,3.07
1488.00,2.86
1489.00,2.57
1490.00,1.81
1493.00,3.29
1494.00,2.47
1495.00,1.32
1496.00,3.16
1497.00,2.08
1498.00,3.14
1499.00,2.20
1500.00,3.81
1501.00,2.61
1502.00,3.08
1503.00,2.32
1504.00,3.50
1507.00,3.33
1508.00,3.31
1509.00,3.67
1510.00,2.50
1511.00,3.58
1513.00,3.05
1514.00,2.71
1515.00,2.56
1516.00,3.65
1517.00,3.71
1518.00,3.42
1519.00,3.33
1520.00,2.47
1522.00,2.43
1523.00,2.63
1525.00,2.09
1526.00,2.47
1527.00,3.64
1528.00,2.00
1529.00,3.23
1531.00,3.64
1532.00,2.67
1533.00,3.88
1534.00,3.67
1535.00,3.49
1537.00,4.14
1538.00,1.67
1539.00,2.82
1541.00,3.10
1542.00,3.54
1543.00,3.29
1544.00,3.04
1545.00,4.07
1546.00,3.82
1547.00,3.32
1548.00,2.50
1549.00,2.68
1550.00,2.70
1551.00,2.83
1552.00,3.27
1553.00,2.75
1554.00,3.48
1555.00,3.00
1556.00,1.87
1558.00,1.50
1561.00,3.25
1562.00,2.26
1563.00,3.60
1564.00,3.83
1565.00,3.00
1566.00,3.28
1567.00,3.44
1569.00,3.43
1570.00,3.30
1571.00,3.96
1572.00,3.73
1573.00,3.40
1574.00,2.87
1575.00,3.14
1579.00,3.00
1580.00,3.74
1581.00,2.85
1582.00,3.17
1583.00,2.78
1584.00,3.77
1585.00,3.21
1586.00,3.05
1587.00,3.42
1588.00,3.08
1589.00,3.36
1590.00,2.52
1591.00,2.62
1592.00,2.49
1593.00,2.86
1594.00,3.78
1595.00,1.74
1596.00,3.47
1597.00,3.41
1598.00,2.71
1599.00,1.64
1600.00,2.87
1601.00,2.72
1602.00,2.12
1603.00,2.93
1604.00,2.75
1605.00,2.66
1606.00,2.34
1608.00,3.59
1609.00,2.75
1610.00,4.05
1611.00,3.35
1612.00,3.33
1613.00,2.90
1614.00,3.28
1615.00,3.62
1616.00,3.09
1617.00,4.22
1619.00,3.43
1620.00,3.34
1621.00,3.28
1622.00,2.40
1623.00,2.21
1624.00,2.72
1625.00,3.91
1626.00,2.52
1627.00,3.08
1629.00,3.02
1630.00,2.00
1631.00,3.59
1632.00,2.45
1633.00,3.66
1635.00,3.80
1636.00,2.40
1639.00,3.78
1640.00,2.54
1641.00,3.87
1642.00,3.05
1643.00,3.88
1644.00,2.63
1645.00,3.44
1646.00,2.82
1647.00,2.88
1648.00,3.47
1649.00,3.85
1650.00,3.34
1651.00,2.88
1652.00,3.25
1653.00,3.71
1654.00,3.31
1655.00,2.43
1656.00,3.21
1657.00,3.50
1658.00,3.17
1659.00,2.86
1660.00,3.57
1661.00,3.19
1662.00,2.65
1663.00,3.84
1664.00,4.20
1665.00,2.68
1666.00,2.60
1667.00,2.78
1668.00,2.54
1669.00,3.46
1670.00,3.50
1671.00,3.18
1672.00,3.57
1673.00,3.77
1674.00,4.00
1675.00,3.09
1676.00,3.13
1677.00,2.76
1678.00,3.83
1679.00,1.96
1680.00,3.79
1681.00,2.18
1682.00,3.86
1683.00,3.76
1684.00,3.72
1685.00,3.50
1686.00,3.16
1687.00,3.08
1688.00,3.50
1689.00,3.15
1690.00,2.96
1692.00,2.55
1693.00,3.72
1694.00,3.73
1695.00,3.69
1696.00,3.57
1699.00,3.50
1701.00,3.42
1702.00,2.55
1703.00,2.94
1704.00,4.18
1707.00,1.88
1709.00,2.00
1711.00,3.25
1713.00,3.04
1714.00,2.00
1715.00,3.00
1717.00,2.98
1718.00,2.57
1719.00,4.04
1720.00,1.29
1721.00,3.58
1722.00,3.44
1724.00,3.00
1725.00,3.74
1726.00,2.77
1727.00,3.23
1728.00,3.32
1729.00,3.69
1730.00,3.73
1731.00,1.88
1732.00,3.74
1733.00,3.11
1734.00,3.83
1735.00,3.20
1739.00,1.36
1741.00,4.00
1743.00,3.91
1744.00,2.68
1746.00,2.76
1747.00,3.49
1748.00,3.82
1749.00,3.40
1750.00,2.19
1752.00,2.66
1753.00,3.20
1754.00,3.39
1755.00,3.53
1756.00,2.55
1758.00,3.65
1759.00,3.98
1760.00,1.87
1762.00,2.74
1764.00,3.00
1767.00,3.00
1769.00,3.14
1770.00,3.47
1771.00,2.64
1772.00,2.43
1773.00,2.50
1777.00,3.49
1779.00,2.66
1780.00,4.12
1782.00,2.50
1783.00,2.93
1784.00,3.95
1785.00,3.39
1787.00,3.50
1788.00,3.96
1791.00,2.96
1792.00,3.17
1793.00,2.38
1794.00,3.43
1795.00,4.50
1796.00,2.40
1797.00,4.01
1798.00,2.57
1799.00,3.41
1801.00,3.04
1804.00,3.03
1805.00,3.45
1806.00,2.89
1807.00,3.41
1809.00,3.81
1810.00,3.56
1811.00,3.69
1812.00,3.48
1814.00,3.36
1815.00,2.00
1816.00,2.96
1817.00,3.00
1820.00,2.00
1821.00,3.19
1822.00,2.05
1824.00,3.37
1825.00,2.67
1826.00,1.55
1827.00,4.00
1829.00,3.00
1830.00,5.00
1831.00,2.58
1832.00,4.00
1833.00,3.00
1834.00,3.94
1835.00,3.29
1836.00,3.31
1837.00,2.69
1839.00,2.26
1840.00,3.38
1841.00,2.95
1842.00,4.00
1843.00,3.00
1844.00,3.86
1845.00,3.75
1846.00,3.25
1848.00,3.05
1849.00,2.57
1850.00,2.85
1851.00,4.00
1852.00,2.00
1853.00,2.00
1854.00,3.02
1855.00,2.40
1856.00,3.06
1857.00,3.08
1858.00,3.27
1859.00,3.53
1860.00,3.77
1861.00,3.33
1862.00,2.05
1863.00,2.22
1864.00,2.73
1865.00,3.56
1866.00,3.09
1867.00,2.42
1868.00,2.00
1869.00,2.31
1870.00,3.51
1871.00,4.00
1872.00,3.20
1873.00,3.76
1874.00,3.37
1875.00,3.40
1876.00,3.17
1877.00,2.50
1878.00,2.00
1879.00,3.91
1880.00,3.42
1881.00,2.78
1882.00,2.32
1883.00,3.44
1884.00,3.35
1885.00,3.69
1886.00,2.75
1887.00,2.48
1888.00,2.99
1889.00,3.88
1890.00,2.43
1891.00,1.89
1892.00,3.37
1893.00,3.76
1894.00,2.91
1895.00,3.24
1896.00,3.11
1897.00,3.50
1898.00,3.64
1899.00,3.20
1900.00,4.16
1901.00,4.00
1902.00,3.10
1903.00,3.33
1904.00,3.49
1905.00,1.50
1906.00,3.22
1907.00,3.74
1908.00,3.00
1909.00,3.49
1910.00,3.76
1911.00,2.93
1912.00,3.80
1913.00,3.83
1914.00,3.81
1915.00,4.00
1916.00,3.51
1917.00,3.19
1918.00,3.14
1919.00,3.17
1920.00,2.81
1921.00,3.79
1922.00,3.42
1923.00,3.90
1924.00,2.63
1925.00,3.89
1926.00,3.19
1927.00,4.19
1928.00,3.38
1929.00,3.79
1930.00,3.00
1931.00,4.03
1932.00,3.28
1933.00,3.38
1934.00,4.01
1935.00,4.03
1936.00,3.88
1937.00,3.73
1938.00,3.91
1939.00,4.12
1940.00,3.89
1941.00,3.81
1942.00,4.03
1943.00,3.28
1944.00,4.10
1945.00,4.27
1946.00,3.98
1947.00,4.06
1948.00,3.86
1949.00,4.23
1950.00,4.13
1951.00,3.69
1952.00,4.11
1953.00,4.10
1954.00,3.94
1955.00,3.80
1956.00,3.99
1957.00,3.80
1958.00,3.61
1959.00,3.65
1960.00,3.98
1961.00,4.05
1962.00,3.88
1963.00,4.05
1964.00,3.81
1965.00,3.68
1966.00,3.65
1967.00,3.64
1968.00,3.88
1969.00,2.32
1970.00,2.64
1971.00,2.24
1972.00,2.00
1973.00,2.18
1974.00,3.04
1975.00,2.43
1976.00,1.98
1977.00,2.18
1978.00,2.08
1979.00,2.18
1980.00,2.15
1981.00,1.84
1982.00,3.71
1983.00,2.75
1984.00,2.10
1985.00,2.41
1986.00,2.13
1987.00,2.33
1988.00,2.10
1989.00,1.47
1990.00,1.69
1991.00,2.70
1992.00,2.11
1993.00,1.90
1994.00,3.68
1995.00,2.42
1996.00,1.83
1997.00,3.96
1998.00,1.77
1999.00,2.75
2000.00,3.89
2001.00,3.55
2002.00,3.25
2003.00,3.27
2004.00,2.51
2005.00,3.50
2006.00,3.56
2007.00,2.68
2008.00,2.53
2009.00,3.52
2010.00,4.08
2011.00,3.34
2012.00,3.24
2013.00,3.45
2014.00,3.18
2015.00,3.45
2016.00,2.66
2017.00,2.99
2018.00,3.74
2019.00,4.56
2020.00,3.97
2021.00,3.36
2022.00,3.53
2023.00,3.34
2024.00,3.32
2025.00,3.34
2026.00,2.69
2027.00,2.45
2028.00,4.34
2029.00,3.67
2031.00,3.03
2032.00,2.92
2033.00,3.16
2034.00,2.77
2035.00,3.11
2036.00,2.22
2037.00,3.54
2038.00,2.90
2039.00,1.00
2040.00,2.95
2041.00,2.67
2042.00,2.63
2043.00,3.27
2044.00,2.54
2045.00,3.45
2046.00,3.47
2047.00,3.18
2048.00,3.50
2049.00,3.32
2050.00,2.54
2051.00,2.55
2052.00,2.87
2053.00,2.26
2054.00,2.93
2055.00,2.83
2056.00,3.50
2057.00,3.34
2058.00,3.61
2059.00,3.28
2060.00,2.99
2061.00,3.57
2062.00,3.20
2063.00,2.50
2064.00,4.07
2065.00,3.60
2066.00,4.15
2067.00,4.07
2068.00,3.88
2069.00,3.79
2070.00,3.91
2071.00,3.93
2072.00,2.91
2073.00,3.67
2074.00,3.52
2075.00,3.74
2076.00,3.76
2077.00,3.49
2078.00,3.82
2079.00,3.57
2080.00,3.80
2081.00,3.76
2082.00,2.89
2083.00,3.61
2084.00,3.13
2085.00,3.60
2086.00,3.55
2087.00,3.66
2088.00,2.59
2089.00,3.20
2090.00,3.47
2091.00,2.85
2092.00,2.44
2093.00,2.85
2094.00,3.11
2095.00,2.97
2096.00,3.71
2097.00,3.49
2098.00,3.14
2099.00,3.60
2100.00,3.43
2101.00,3.53
2102.00,3.39
2103.00,3.08
2104.00,3.34
2105.00,3.36
2106.00,3.30
2107.00,2.69
2108.00,3.71
2109.00,3.74
2110.00,3.26
2111.00,3.23
2112.00,3.49
2113.00,2.15
2114.00,3.69
2115.00,3.68
2116.00,3.33
2117.00,3.72
2118.00,3.70
2119.00,2.27
2120.00,2.94
2121.00,2.73
2122.00,2.45
2123.00,2.87
2124.00,3.17
2125.00,3.71
2126.00,2.75
2127.00,3.50
2128.00,3.32
2129.00,3.75
2130.00,3.83
2131.00,3.73
2132.00,4.07
2133.00,3.28
2134.00,3.42
2135.00,3.20
2136.00,3.15
2137.00,3.82
2138.00,3.84
2139.00,3.85
2140.00,3.65
2141.00,3.43
2142.00,2.83
2143.00,3.27
2144.00,3.71
2145.00,3.37
2146.00,3.11
2147.00,2.55
2148.00,2.89
2149.00,2.25
2150.00,3.73
2151.00,3.17
2152.00,2.12
2153.00,2.00
2154.00,2.79
2155.00,3.31
2156.00,3.78
2157.00,3.25
2158.00,2.60
2159.00,3.48
2160.00,3.82
2161.00,3.61
2162.00,2.41
2163.00,2.61
2164.00,2.05
2165.00,3.38
2166.00,3.52
2167.00,3.48
2168.00,3.08
2169.00,2.68
2170.00,2.55
2171.00,3.69
2172.00,3.25
2173.00,3.56
2174.00,3.57
2175.00,3.83
2176.00,3.90
2177.00,3.22
2178.00,3.66
2179.00,3.15
2180.00,3.33
2181.00,3.57
2182.00,3.58
2183.00,3.93
2184.00,3.60
2185.00,3.59
2186.00,4.30
2187.00,3.58
2188.00,2.76
2189.00,3.71
2190.00,2.85
2191.00,2.80
2192.00,3.29
2193.00,3.50
2194.00,4.01
2195.00,3.01
2196.00,2.44
2197.00,4.18
2198.00,4.00
2200.00,2.50
2201.00,3.40
2202.00,3.94
2203.00,4.27
2204.00,3.82
2205.00,3.52
2206.00,4.01
2207.00,2.88
2208.00,4.19
2209.00,3.30
2210.00,3.70
2211.00,3.53
2212.00,3.84
2213.00,1.00
2214.00,3.00
2215.00,3.50
2217.00,1.00
2218.00,2.00
2219.00,3.40
2221.00,3.09
2223.00,3.33
2226.00,3.00
2227.00,3.52
2231.00,3.61
2232.00,3.47
2233.00,1.60
2234.00,1.88
2235.00,2.00
2236.00,3.61
2237.00,3.59
2238.00,3.83
2239.00,3.74
2240.00,3.51
2241.00,2.78
2242.00,2.50
2243.00,3.75
2244.00,1.86
2245.00,3.41
2246.00,2.71
2247.00,3.09
2248.00,4.02
2249.00,3.19
2250.00,3.15
2251.00,3.50
2252.00,3.02
2253.00,2.56
2254.00,2.00
2255.00,2.61
2256.00,2.38
2257.00,2.94
2258.00,3.00
2259.00,2.72
2260.00,2.80
2261.00,3.33
2262.00,3.16
2263.00,3.10
2264.00,2.59
2265.00,2.00
2266.00,2.87
2267.00,2.95
2268.00,3.93
2269.00,2.74
2271.00,3.29
2272.00,3.46
2273.00,3.57
2275.00,3.37
2276.00,3.71
2277.00,2.00
2278.00,3.53
2279.00,2.72
2280.00,3.43
2281.00,3.45
2282.00,3.52
2283.00,2.92
2284.00,3.79
2285.00,3.89
2286.00,2.51
2287.00,3.44
2288.00,3.79
2289.00,3.96
2290.00,3.28
2291.00,3.59
2292.00,2.50
2293.00,3.24
2294.00,3.48
2295.00,3.81
2296.00,2.38
2297.00,3.11
2298.00,1.87
2299.00,3.75
2300.00,4.14
2301.00,3.59
2302.00,3.78
2303.00,3.92
2304.00,3.57
2305.00,3.48
2306.00,2.49
2307.00,2.63
2308.00,2.00
2309.00,4.50
2310.00,3.80
2311.00,3.42
2312.00,3.83
2313.00,4.01
2314.00,3.13
2315.00,2.37
2316.00,2.98
2317.00,2.62
2318.00,3.90
2320.00,3.11
2321.00,3.70
2322.00,2.93
2323.00,3.94
2324.00,4.33
2325.00,3.13
2326.00,3.00
2327.00,2.85
2328.00,2.85
2329.00,4.23
2330.00,4.16
2331.00,3.22
2332.00,3.25
2333.00,3.81
2334.00,3.12
2335.00,2.93
2336.00,4.03
2337.00,3.21
2338.00,2.20
2339.00,2.93
2340.00,3.25
2341.00,3.27
2342.00,3.73
2343.00,2.00
2344.00,3.42
2345.00,3.37
2346.00,3.31
2347.00,3.74
2348.00,3.55
2349.00,3.61
2350.00,2.79
2351.00,4.21
2352.00,3.87
2353.00,3.69
2354.00,2.78
2355.00,3.85
2356.00,2.90
2357.00,4.28
2358.00,4.00
2359.00,3.88
2360.00,4.31
2361.00,3.24
2362.00,2.85
2363.00,3.32
2364.00,2.78
2365.00,2.77
2366.00,3.66
2367.00,2.76
2368.00,1.69
2369.00,2.95
2370.00,3.51
2371.00,3.59
2372.00,2.97
2373.00,2.48
2374.00,2.93
2375.00,2.89
2376.00,3.27
2377.00,2.95
2378.00,3.00
2379.00,2.39
2380.00,2.03
2381.00,1.91
2382.00,1.77
2383.00,1.66
2384.00,3.29
2385.00,2.58
2386.00,1.97
2387.00,2.77
2388.00,3.47
2389.00,2.65
2390.00,3.69
2391.00,3.75
2392.00,2.23
2393.00,3.35
2394.00,3.57
2395.00,3.84
2396.00,4.13
2397.00,3.30
2398.00,3.96
2399.00,2.67
2400.00,2.86
2401.00,3.77
2402.00,2.83
2403.00,3.57
2404.00,2.34
2405.00,3.16
2406.00,3.69
2407.00,3.54
2408.00,2.53
2409.00,3.18
2410.00,2.88
2411.00,2.65
2412.00,2.10
2413.00,3.25
2414.00,3.39
2415.00,2.80
2416.00,3.15
2417.00,2.95
2418.00,3.07
2419.00,3.20
2420.00,3.42
2421.00,2.68
2422.00,2.12
2423.00,3.59
2424.00,3.38
2425.00,3.62
2426.00,2.96
2427.00,3.40
2428.00,2.78
2429.00,2.83
2430.00,3.11
2431.00,3.14
2432.00,3.14
2433.00,3.36
2434.00,3.63
2435.00,3.08
2436.00,3.59
2437.00,3.65
2438.00,4.00
2439.00,3.61
2440.00,3.36
2441.00,3.04
2442.00,3.83
2443.00,3.60
2444.00,4.00
2445.00,2.80
2446.00,2.54
2447.00,3.06
2448.00,2.35
2449.00,1.53
2450.00,2.10
2451.00,2.65
2452.00,1.68
2453.00,3.25
2454.00,3.36
2455.00,3.44
2456.00,2.31
2457.00,3.38
2458.00,2.48
2459.00,3.22
2460.00,2.35
2461.00,2.10
2462.00,1.83
2463.00,3.46
2464.00,2.62
2465.00,2.02
2466.00,3.46
2467.00,3.90
2468.00,2.77
2469.00,3.28
2470.00,3.43
2471.00,2.63
2472.00,2.98
2473.00,2.41
2474.00,3.46
2475.00,3.30
2476.00,3.35
2477.00,2.29
2478.00,3.12
2479.00,2.27
2480.00,4.50
2481.00,3.60
2482.00,3.33
2483.00,2.92
2484.00,2.00
2485.00,3.05
2486.00,1.78
2487.00,2.43
2488.00,3.86
2490.00,3.51
2491.00,2.74
2492.00,2.86
2493.00,4.14
2494.00,4.00
2495.00,3.60
2496.00,3.36
2497.00,2.84
2498.00,2.33
2499.00,3.54
2500.00,2.60
2501.00,4.14
2502.00,3.82
2503.00,4.67
2504.00,2.88
2505.00,2.86
2506.00,3.34
2507.00,2.98
2509.00,2.78
2510.00,3.67
2511.00,3.87
2512.00,3.95
2513.00,2.96
2514.00,2.06
2515.00,1.79
2516.00,1.84
2517.00,3.06
2518.00,3.47
2519.00,3.23
2520.00,3.15
2521.00,2.63
2522.00,2.35
2523.00,2.31
2524.00,3.02
2525.00,2.24
2526.00,2.37
2527.00,3.42
2528.00,3.47
2529.00,3.71
2530.00,2.95
2531.00,2.83
2532.00,2.84
2533.00,3.04
2534.00,2.53
2535.00,2.85
2536.00,1.89
2537.00,1.94
2538.00,3.60
2539.00,3.39
2540.00,3.03
2541.00,3.22
2542.00,3.90
2543.00,3.50
2544.00,2.78
2545.00,2.83
2546.00,2.94
2548.00,2.23
2549.00,2.23
2550.00,3.50
2551.00,3.29
2552.00,2.22
2553.00,3.36
2554.00,3.18
2555.00,1.70
2556.00,3.00
2557.00,3.40
2558.00,2.74
2559.00,2.59
2560.00,3.11
2561.00,3.04
2562.00,3.78
2563.00,3.00
2565.00,3.95
2566.00,2.42
2567.00,3.20
2568.00,2.11
2569.00,3.78
2570.00,3.60
2571.00,4.32
2572.00,3.42
2573.00,3.42
2574.00,2.67
2575.00,4.00
2576.00,2.00
2577.00,3.29
2578.00,3.50
2579.00,3.79
2580.00,3.85
2581.00,3.17
2582.00,3.11
2583.00,3.61
2584.00,3.00
2585.00,3.85
2586.00,2.96
2587.00,2.96
2589.00,2.73
2590.00,3.04
2591.00,2.00
2592.00,3.00
2593.00,3.71
2594.00,3.95
2596.00,3.62
2597.00,2.61
2598.00,3.02
2599.00,3.93
2600.00,3.26
2602.00,2.83
2605.00,3.17
2606.00,2.72
2607.00,4.09
2608.00,2.60
2609.00,4.22
2610.00,3.88
2611.00,3.91
2612.00,4.09
2613.00,3.10
2614.00,1.93
2615.00,3.01
2616.00,2.68
2617.00,3.32
2618.00,3.89
2619.00,3.00
2620.00,3.69
2621.00,3.65
2622.00,3.35
2623.00,2.75
2624.00,4.09
2625.00,3.08
2626.00,3.57
2627.00,3.43
2628.00,3.41
2629.00,2.75
2630.00,3.51
2631.00,2.00
2632.00,3.27
2633.00,3.54
2634.00,3.25
2635.00,3.03
2636.00,2.46
2637.00,2.67
2638.00,2.83
2639.00,3.20
2640.00,3.54
2641.00,3.16
2642.00,2.34
2643.00,1.89
2644.00,3.83
2645.00,3.34
2646.00,2.87
2647.00,3.19
2648.00,3.98
2649.00,3.32
2650.00,2.76
2651.00,3.15
2652.00,2.92
2653.00,2.76
2654.00,3.76
2655.00,1.77
2656.00,2.77
2657.00,3.29
2658.00,3.09
2659.00,3.17
2660.00,3.90
2661.00,3.36
2662.00,3.86
2663.00,3.08
2664.00,3.91
2665.00,3.42
2666.00,3.21
2667.00,2.62
2668.00,2.53
2669.00,3.74
2670.00,4.00
2671.00,3.66
2672.00,3.19
2673.00,3.86
2674.00,2.69
2675.00,3.40
2676.00,3.14
2677.00,4.06
2678.00,3.12
2679.00,2.60
2681.00,3.60
2682.00,4.06
2683.00,3.39
2685.00,3.00
2686.00,3.96
2687.00,3.67
2688.00,3.14
2689.00,3.39
2690.00,3.70
2691.00,2.95
2692.00,4.22
2693.00,3.86
2694.00,3.14
2695.00,2.18
2696.00,3.69
2697.00,3.73
2699.00,3.00
2700.00,3.76
2701.00,2.16
2702.00,3.07
2703.00,3.00
2704.00,3.07
2705.00,2.71
2706.00,3.71
2707.00,3.50
2708.00,3.83
2709.00,3.18
2710.00,3.03
2711.00,3.56
2712.00,3.20
2713.00,2.50
2714.00,3.25
2715.00,2.23
2716.00,3.91
2717.00,2.91
2718.00,3.13
2719.00,2.38
2720.00,2.17
2721.00,3.76
2722.00,2.87
2723.00,3.01
2724.00,3.12
2725.00,3.75
2726.00,4.17
2727.00,3.47
2728.00,4.02
2729.00,3.87
2730.00,3.55
2731.00,4.32
2732.00,3.98
2733.00,2.44
2734.00,3.36
2735.00,2.90
2736.00,3.44
2737.00,2.91
2738.00,3.46
2739.00,3.86
2740.00,2.65
2741.00,3.02
2742.00,2.00
2743.00,3.38
2744.00,3.68
2745.00,3.90
2746.00,3.33
2747.00,3.31
2748.00,2.05
2749.00,3.22
2750.00,3.70
2751.00,2.81
2752.00,2.96
2753.00,3.49
2754.00,1.83
2755.00,2.68
2756.00,3.22
2757.00,3.82
2758.00,2.84
2759.00,3.35
2760.00,3.43
2761.00,4.05
2762.00,4.41
2763.00,3.64
2764.00,3.60
2765.00,2.71
2766.00,3.52
2767.00,3.08
2768.00,3.23
2769.00,3.22
2770.00,3.26
2771.00,2.89
2772.00,3.03
2773.00,2.93
2774.00,3.51
2775.00,3.29
2776.00,3.77
2777.00,2.00
2778.00,2.55
2779.00,3.62
2780.00,3.18
2781.00,3.17
2782.00,3.50
2783.00,2.60
2784.00,3.21
2785.00,3.04
2786.00,2.42
2787.00,2.90
2788.00,4.14
2789.00,2.99
2790.00,2.66
2791.00,3.97
2792.00,2.98
2793.00,2.75
2794.00,2.92
2795.00,3.84
2796.00,2.95
2797.00,3.86
2798.00,1.92
2799.00,1.56
2800.00,3.05
2801.00,3.52
2802.00,3.09
2803.00,3.27
2804.00,4.24
2805.00,2.87
2806.00,2.63
2807.00,1.76
2808.00,2.51
2809.00,2.55
2810.00,3.93
2811.00,4.00
2812.00,3.24
2813.00,3.66
2814.00,2.62
2815.00,2.59
2816.00,1.86
2817.00,1.64
2818.00,1.60
2819.00,4.04
2820.00,3.57
2821.00,2.67
2822.00,3.05
2823.00,2.50
2824.00,3.93
2825.00,2.75
2826.00,3.16
2827.00,2.44
2828.00,2.11
2829.00,2.96
2830.00,3.55
2831.00,3.25
2833.00,3.67
2834.00,3.56
2835.00,2.54
2836.00,3.29
2837.00,3.38
2839.00,4.30
2840.00,2.90
2841.00,3.63
2842.00,3.45
2843.00,3.87
2844.00,3.18
2845.00,1.00
2846.00,3.37
2847.00,3.91
2848.00,3.95
2849.00,2.80
2850.00,2.71
2851.00,2.44
2852.00,3.74
2853.00,2.89
2854.00,2.36
2855.00,2.30
2856.00,2.78
2857.00,3.70
2858.00,4.32
2859.00,4.23
2860.00,3.26
2861.00,3.15
2862.00,2.58
2863.00,3.89
2864.00,2.82
2865.00,3.05
2866.00,3.69
2867.00,3.43
2868.00,2.30
2869.00,2.67
2870.00,3.59
2871.00,3.94
2872.00,3.81
2873.00,2.68
2874.00,3.52
2875.00,3.26
2876.00,2.65
2877.00,3.01
2878.00,2.26
2879.00,3.46
2880.00,3.46
2881.00,3.20
2882.00,2.80
2883.00,3.55
2884.00,2.57
2885.00,3.36
2886.00,2.24
2887.00,2.25
2888.00,2.78
2889.00,3.44
2890.00,3.81
2891.00,3.49
2892.00,2.50
2893.00,2.88
2894.00,2.62
2895.00,3.00
2896.00,3.32
2897.00,3.25
2898.00,2.75
2899.00,3.55
2900.00,2.68
2901.00,3.20
2902.00,2.42
2903.00,2.05
2904.00,3.76
2905.00,4.61
2906.00,2.33
2907.00,2.45
2908.00,4.01
2909.00,4.00
2911.00,3.29
2912.00,3.68
2913.00,3.29
2914.00,2.18
2915.00,3.64
2916.00,3.68
2917.00,4.03
2918.00,4.12
2919.00,3.90
2920.00,4.19
2921.00,3.88
2922.00,3.75
2923.00,3.41
2924.00,3.91
2925.00,4.23
2926.00,3.35
2927.00,4.08
2928.00,3.34
2929.00,3.47
2930.00,4.40
2931.00,4.30
2932.00,3.96
2933.00,3.44
2934.00,2.40
2935.00,4.19
2936.00,4.09
2937.00,4.29
2938.00,3.74
2939.00,3.50
2940.00,4.01
2941.00,3.61
2942.00,3.10
2943.00,3.78
2944.00,4.00
2945.00,2.68
2946.00,3.77
2947.00,3.97
2948.00,3.89
2949.00,3.87
2950.00,2.33
2951.00,3.99
2952.00,3.75
2953.00,2.39
2955.00,2.00
2956.00,3.13
2959.00,4.08
2960.00,2.75
2961.00,2.82
2962.00,3.40
2963.00,3.71
2964.00,3.33
2965.00,2.03
2966.00,4.06
2967.00,3.75
2968.00,3.69
2969.00,3.91
2970.00,3.96
2971.00,3.82
2972.00,4.02
2973.00,4.05
2974.00,1.84
2975.00,3.04
2976.00,3.07
2977.00,2.91
2978.00,2.84
2979.00,2.19
2981.00,3.73
2982.00,2.11
2983.00,3.99
2984.00,3.44
2985.00,3.45
2986.00,2.38
2987.00,3.68
2988.00,3.64
2989.00,3.50
2990.00,3.20
2991.00,3.59
2992.00,2.48
2993.00,3.71
2994.00,3.50
2995.00,2.31
2996.00,3.43
2997.00,4.13
2998.00,3.54
2999.00,4.00
3000.00,4.15
3001.00,1.67
3002.00,3.91
3003.00,3.25
3004.00,2.48
3005.00,3.38
3006.00,4.06
3007.00,4.01
3008.00,3.73
3010.00,3.60
3011.00,3.61
3012.00,3.40
3013.00,2.89
3014.00,2.92
3015.00,3.38
3016.00,3.16
3017.00,2.53
3018.00,3.48
3019.00,3.92
3020.00,3.45
3021.00,2.86
3022.00,4.37
3024.00,2.35
3025.00,3.29
3026.00,1.50
3027.00,1.14
3028.00,3.76
3029.00,3.27
3030.00,4.40
3031.00,2.15
3032.00,3.54
3033.00,3.28
3034.00,3.74
3035.00,4.15
3036.00,3.23
3037.00,4.04
3038.00,4.20
3039.00,3.83
3040.00,3.31
3041.00,1.70
3042.00,1.55
3043.00,1.73
3044.00,3.86
3045.00,3.09
3046.00,3.49
3047.00,3.56
3048.00,2.35
3049.00,3.24
3050.00,3.12
3051.00,2.95
3052.00,3.71
3053.00,3.02
3054.00,1.98
3055.00,3.39
3056.00,3.67
3057.00,4.00
3058.00,2.17
3060.00,3.83
3061.00,3.88
3062.00,3.97
3063.00,2.72
3064.00,2.50
3065.00,4.00
3066.00,3.70
3067.00,3.89
3068.00,3.87
3069.00,3.82
3070.00,3.39
3071.00,3.76
3072.00,3.79
3073.00,3.24
3074.00,3.79
3075.00,3.99
3076.00,3.71
3077.00,4.23
3078.00,3.65
3079.00,3.88
3081.00,3.52
3082.00,3.38
3083.00,4.09
3084.00,3.50
3085.00,2.50
3086.00,3.58
3087.00,3.48
3088.00,4.09
3089.00,4.36
3090.00,4.14
3091.00,4.28
3092.00,4.00
3093.00,3.70
3094.00,3.85
3095.00,4.13
3096.00,3.96
3097.00,4.04
3098.00,3.83
3099.00,3.24
3100.00,3.76
3101.00,3.67
3102.00,3.64
3103.00,3.06
3104.00,3.86
3105.00,3.78
3106.00,3.24
3107.00,3.44
3108.00,3.63
3109.00,3.22
3110.00,3.39
3111.00,3.70
3112.00,3.37
3113.00,2.63
3114.00,4.22
3115.00,3.16
3116.00,2.73
3117.00,3.30
3118.00,3.53
3119.00,1.67
3120.00,3.02
3121.00,3.56
3122.00,3.38
3123.00,1.00
3124.00,3.32
3125.00,3.52
3126.00,4.00
3127.00,3.23
3128.00,3.45
3129.00,3.70
3130.00,2.37
3131.00,3.50
3132.00,3.63
3133.00,3.71
3134.00,4.34
3135.00,3.95
3136.00,3.00
3137.00,3.81
3138.00,3.20
3139.00,3.18
3140.00,3.44
3141.00,3.05
3142.00,3.38
3143.00,3.70
3144.00,3.27
3145.00,3.36
3146.00,2.76
3147.00,4.15
3148.00,3.95
3149.00,2.44
3150.00,3.68
3151.00,2.00
3152.00,3.97
3153.00,3.62
3154.00,3.50
3155.00,3.41
3156.00,2.91
3157.00,3.15
3158.00,3.64
3159.00,3.81
3160.00,3.89
3161.00,3.47
3162.00,2.48
3163.00,3.70
3164.00,4.00
3165.00,2.62
3166.00,1.17
3167.00,3.63
3168.00,3.77
3169.00,3.51
3171.00,3.92
3172.00,5.00
3173.00,3.13
3174.00,3.49
3175.00,3.77
3176.00,3.50
3177.00,2.60
3178.00,3.85
3179.00,3.41
3180.00,2.20
3181.00,3.71
3182.00,3.96
3183.00,3.62
3184.00,3.00
3185.00,3.41
3186.00,3.48
3187.00,3.00
3188.00,3.70
3189.00,3.64
3190.00,2.15
3192.00,4.08
3194.00,3.30
3196.00,4.23
3197.00,3.30
3198.00,4.07
3199.00,3.35
3200.00,3.85
3201.00,3.95
3202.00,1.00
3203.00,3.68
3204.00,3.66
3205.00,2.25
3206.00,3.25
3207.00,3.20
3208.00,2.76
3209.00,1.00
3210.00,3.84
3211.00,3.52
3212.00,2.50
3213.00,3.56
3214.00,3.33
3215.00,3.18
3216.00,3.33
3217.00,3.35
3218.00,3.19
3219.00,3.26
3220.00,2.00
3221.00,3.41
3222.00,4.17
3223.00,3.41
3224.00,4.05
3225.00,2.69
3228.00,1.00
3229.00,4.00
3230.00,3.67
3232.00,4.00
3233.00,5.00
3235.00,3.00
3236.00,3.50
3237.00,1.00
3238.00,2.13
3239.00,2.38
3240.00,3.27
3241.00,3.67
3242.00,3.67
3243.00,2.50
3244.00,3.70
3245.00,4.80
3246.00,3.90
3247.00,3.17
3248.00,2.54
3249.00,3.14
3250.00,3.40
3251.00,3.38
3252.00,3.71
3253.00,3.60
3254.00,2.88
3255.00,3.68
3256.00,3.75
3257.00,2.86
3258.00,2.75
3259.00,3.37
3260.00,3.73
3261.00,3.48
3262.00,2.97
3263.00,3.19
3264.00,3.09
3265.00,4.14
3266.00,3.66
3267.00,3.69
3268.00,1.78
3269.00,3.20
3270.00,3.29
3271.00,3.85
3272.00,3.20
3273.00,2.73
3274.00,3.11
3275.00,3.62
3276.00,2.65
3277.00,4.00
3280.00,5.00
3281.00,4.04
3282.00,3.70
3283.00,3.47
3284.00,3.73
3285.00,2.70
3286.00,2.21
3287.00,2.73
3288.00,3.00
3289.00,3.77
3290.00,3.00
3291.00,2.00
3292.00,3.83
3293.00,3.40
3294.00,2.50
3295.00,3.50
3296.00,3.79
3297.00,2.00
3298.00,3.46
3299.00,2.30
3300.00,3.30
3301.00,3.38
3302.00,3.34
3303.00,3.50
3304.00,3.57
3305.00,4.00
3306.00,3.96
3307.00,4.39
3308.00,3.20
3309.00,3.67
3310.00,3.79
3311.00,3.79
3312.00,1.00
3313.00,2.25
3314.00,3.25
3315.00,2.00
3316.00,2.77
3317.00,3.95
3318.00,3.48
3319.00,3.11
3320.00,3.51
3321.00,2.00
3322.00,2.75
3323.00,3.00
3324.00,2.76
3325.00,2.33
3326.00,2.86
3327.00,3.53
3328.00,3.84
3329.00,3.81
3330.00,3.76
3331.00,2.31
3333.00,3.50
3334.00,4.08
3335.00,2.67
3336.00,3.00
3337.00,3.50
3338.00,4.44
3339.00,3.74
3340.00,2.80
3341.00,4.04
3342.00,3.86
3343.00,2.38
3344.00,2.60
3345.00,3.13
3346.00,2.80
3347.00,3.98
3349.00,3.40
3350.00,3.97
3351.00,3.27
3352.00,2.67
3353.00,4.00
3354.00,2.60
3355.00,2.88
3357.00,3.77
3358.00,3.68
3359.00,4.08
3360.00,3.92
3361.00,3.84
3362.00,3.97
3363.00,4.03
3364.00,3.93
3365.00,4.09
3366.00,3.81
3367.00,3.37
3368.00,3.65
3370.00,3.43
3371.00,3.71
3372.00,3.55
3373.00,2.67
3374.00,2.60
3375.00,3.34
3376.00,1.00
3377.00,3.50
3378.00,3.25
3379.00,3.95
3380.00,3.00
3381.00,3.50
3382.00,5.00
3384.00,3.80
3385.00,2.55
3386.00,3.76
3387.00,2.72
3388.00,2.72
3389.00,2.71
3390.00,1.67
3391.00,2.28
3392.00,1.94
3393.00,2.14
3394.00,2.67
3395.00,2.84
3396.00,3.86
3397.00,3.74
3398.00,3.50
3399.00,3.13
3400.00,2.52
3401.00,2.11
3402.00,3.35
3403.00,2.78
3404.00,3.45
3405.00,3.88
3406.00,3.75
3407.00,1.67
3408.00,3.86
3409.00,3.27
3410.00,4.33
3412.00,3.37
3413.00,3.50
3414.00,3.26
3415.00,3.83
3416.00,3.94
3417.00,3.59
3418.00,3.68
3419.00,3.15
3420.00,3.71
3421.00,4.05
3422.00,3.40
3423.00,2.92
3424.00,3.88
3425.00,3.29
3426.00,3.20
3427.00,3.34
3428.00,2.95
3429.00,4.34
3430.00,3.34
3431.00,2.67
3432.00,2.26
3433.00,2.15
3434.00,2.26
3435.00,4.42
3436.00,2.79
3437.00,2.00
3438.00,2.68
3439.00,2.13
3440.00,1.92
3441.00,3.28
3442.00,2.31
3443.00,3.80
3444.00,3.23
3445.00,3.19
3446.00,3.41
3447.00,3.72
3448.00,3.73
3449.00,2.97
3450.00,3.42
3451.00,3.92
3452.00,3.14
3453.00,2.48
3454.00,2.70
3456.00,3.94
3457.00,2.99
3458.00,3.00
3459.00,2.77
3460.00,1.00
3461.00,3.67
3462.00,4.24
3463.00,1.80
3464.00,2.45
3465.00,2.78
3466.00,3.55
3467.00,4.02
3468.00,4.24
3469.00,4.28
3470.00,4.33
3471.00,4.01
3472.00,1.75
3473.00,3.42
3474.00,3.19
3475.00,3.96
3476.00,3.58
3477.00,3.04
3478.00,3.33
3479.00,3.67
3480.00,3.63
3481.00,3.93
3482.00,3.00
3483.00,3.01
3484.00,2.73
3485.00,1.50
3486.00,3.10
3487.00,3.72
3488.00,2.00
3489.00,3.02
3490.00,2.65
3491.00,2.94
3492.00,3.57
3493.00,1.00
3494.00,3.74
3495.00,3.75
3496.00,3.22
3497.00,3.05
3498.00,4.01
3499.00,3.83
3500.00,2.71
3501.00,3.55
3502.00,3.51
3503.00,3.45
3504.00,4.02
3505.00,3.87
3506.00,3.37
3507.00,4.03
3508.00,4.04
3509.00,2.85
3510.00,3.76
3511.00,2.59
3512.00,3.68
3513.00,3.35
3514.00,3.16
3515.00,3.19
3516.00,3.77
3517.00,4.50
3518.00,2.87
3519.00,3.35
3520.00,2.56
3521.00,3.88
3522.00,4.00
3523.00,3.12
3524.00,3.43
3525.00,3.14
3526.00,3.77
3527.00,3.65
3528.00,3.16
3529.00,3.47
3530.00,4.00
3531.00,3.04
3532.00,3.76
3533.00,3.29
3534.00,3.07
3535.00,3.22
3536.00,3.75
3537.00,3.32
3538.00,3.66
3539.00,3.85
3540.00,2.75
3542.00,3.00
3543.00,3.92
3544.00,2.92
3545.00,3.90
3546.00,3.72
3547.00,3.79
3548.00,3.84
3549.00,3.79
3550.00,3.43
3551.00,3.93
3552.00,3.85
3553.00,2.77
3554.00,3.45
3555.00,3.54
3556.00,3.63
3557.00,2.90
3559.00,3.67
3562.00,3.04
3563.00,1.92
3564.00,1.80
3565.00,3.27
3566.00,3.37
3567.00,3.40
3568.00,3.27
3569.00,3.35
3570.00,3.90
3571.00,3.38
3572.00,1.73
3573.00,1.46
3574.00,1.06
3575.00,3.33
3576.00,3.68
3577.00,2.65
3578.00,4.11
3579.00,2.49
3580.00,3.07
3581.00,2.79
3584.00,2.77
3585.00,3.84
3586.00,3.39
3587.00,3.00
3588.00,3.33
3590.00,2.86
3591.00,3.41
3592.00,2.50
3593.00,1.61
3594.00,3.30
3595.00,3.00
3596.00,2.53
3597.00,2.73
3598.00,3.46
3599.00,3.63
3600.00,2.83
3601.00,4.00
3602.00,2.98
3603.00,3.33
3604.00,3.70
3605.00,3.10
3606.00,3.94
3607.00,5.00
3608.00,3.41
3609.00,4.00
3610.00,2.53
3611.00,3.07
3612.00,3.63
3613.00,3.76
3614.00,3.22
3615.00,3.22
3616.00,2.46
3617.00,3.27
3618.00,3.37
3619.00,3.26
3620.00,3.00
3621.00,1.67
3622.00,3.83
3623.00,3.20
3624.00,3.65
3625.00,3.81
3626.00,2.47
3627.00,3.48
3628.00,3.42
3629.00,4.19
3631.00,2.67
3632.00,3.60
3633.00,3.46
3634.00,4.25
3635.00,3.61
3636.00,2.78
3637.00,3.95
3638.00,3.19
3639.00,3.63
3640.00,3.42
3641.00,2.75
3642.00,3.08
3643.00,3.44
3644.00,3.35
3645.00,3.61
3646.00,2.44
3647.00,4.00
3648.00,2.67
3649.00,3.17
3651.00,1.00
3652.00,3.00
3653.00,3.79
3654.00,3.96
3655.00,3.78
3656.00,5.00
3657.00,3.67
3658.00,3.65
3659.00,3.21
3660.00,2.86
3661.00,2.21
3662.00,2.10
3663.00,1.86
3664.00,1.69
3665.00,1.73
3666.00,1.67
3667.00,1.91
3668.00,3.92
3669.00,2.38
3670.00,3.67
3671.00,4.05
3672.00,2.97
3673.00,2.32
3674.00,2.60
3675.00,3.83
3676.00,3.47
3677.00,3.89
3678.00,3.76
3679.00,4.27
3680.00,3.94
3681.00,3.92
3682.00,3.69
3683.00,4.22
3684.00,3.37
3685.00,3.59
3686.00,3.25
3687.00,2.00
3688.00,2.73
3689.00,2.04
3690.00,2.04
3691.00,2.57
3692.00,2.29
3693.00,2.70
3694.00,1.85
3695.00,1.81
3696.00,2.55
3697.00,2.87
3698.00,3.20
3699.00,3.46
3700.00,3.59
3701.00,3.22
3702.00,3.66
3703.00,3.67
3704.00,3.17
3705.00,2.58
3706.00,3.40
3707.00,3.08
3708.00,2.98
3709.00,2.39
3710.00,2.25
3711.00,3.21
3712.00,3.23
3713.00,3.74
3714.00,3.14
3715.00,2.45
3716.00,2.37
3717.00,2.97
3718.00,3.31
3719.00,3.02
3720.00,3.67
3721.00,2.58
3722.00,2.00
3723.00,3.73
3724.00,3.72
3725.00,3.07
3726.00,3.57
3727.00,3.71
3728.00,3.96
3729.00,3.41
3730.00,4.25
3731.00,3.40
3732.00,2.99
3733.00,3.84
3734.00,3.49
3735.00,3.98
3736.00,3.79
3737.00,4.00
3738.00,3.45
3739.00,3.97
3740.00,3.41
3741.00,4.08
3742.00,3.97
3743.00,2.60
3744.00,3.24
3745.00,3.38
3746.00,3.86
3747.00,3.75
3748.00,3.00
3749.00,3.14
3751.00,3.88
3752.00,3.00
3753.00,3.75
3754.00,2.50
3755.00,3.35
3756.00,3.50
3757.00,2.82
3758.00,2.76
3759.00,3.26
3760.00,3.48
3761.00,2.96
3762.00,1.33
3763.00,3.57
3764.00,2.64
3765.00,2.85
3766.00,2.54
3767.00,2.09
3768.00,2.16
3769.00,3.38
3770.00,3.47
3771.00,3.40
3772.00,1.67
3773.00,2.82
3774.00,1.97
3775.00,3.25
3776.00,3.33
3777.00,2.18
3778.00,2.83
3779.00,3.00
3780.00,3.10
3781.00,2.59
3782.00,2.73
3783.00,4.03
3784.00,3.24
3785.00,3.01
3786.00,3.25
3787.00,3.86
3788.00,3.81
3789.00,4.20
3790.00,3.37
3791.00,3.07
3792.00,3.56
3793.00,3.82
3794.00,3.28
3795.00,3.41
3796.00,3.38
3797.00,2.21
3798.00,3.33
3799.00,1.62
3800.00,2.33
3801.00,4.23
3802.00,2.42
3803.00,3.56
3804.00,2.53
3805.00,2.79
3806.00,3.26
3807.00,3.27
3808.00,4.02
3809.00,3.40
3810.00,3.13
3811.00,4.10
3812.00,3.56
3813.00,3.29
3814.00,4.02
3816.00,3.76
3817.00,3.19
3818.00,2.43
3819.00,4.02
3820.00,1.81
3821.00,2.64
3822.00,3.76
3823.00,3.59
3824.00,2.13
3825.00,2.76
3826.00,2.54
3827.00,3.38
3828.00,2.50
3830.00,2.88
3831.00,3.72
3832.00,3.29
3833.00,2.54
3834.00,2.82
3835.00,2.71
3836.00,3.91
3837.00,2.89
3838.00,2.62
3839.00,2.64
3840.00,2.54
3841.00,2.75
3842.00,3.00
3843.00,2.63
3844.00,3.59
3845.00,3.39
3846.00,3.14
3847.00,2.96
3848.00,3.10
3849.00,4.05
3850.00,2.92
3851.00,3.95
3852.00,3.70
3853.00,3.54
3854.00,3.65
3855.00,3.67
3857.00,2.67
3858.00,3.16
3859.00,3.88
3860.00,3.19
3861.00,3.10
3862.00,3.10
3863.00,3.26
3864.00,2.69
3865.00,3.23
3866.00,3.17
3867.00,3.33
3868.00,3.68
3869.00,3.09
3870.00,3.86
3871.00,3.84
3872.00,3.83
3873.00,3.67
3874.00,3.00
3875.00,2.80
3876.00,2.00
3877.00,2.02
3878.00,2.83
3879.00,2.78
3880.00,3.50
3881.00,5.00
3882.00,3.27
3883.00,2.73
3884.00,2.38
3885.00,3.12
3886.00,3.00
3887.00,3.00
3888.00,4.50
3889.00,2.41
3890.00,3.00
3891.00,1.71
3892.00,2.70
3893.00,3.50
3894.00,3.19
3895.00,2.34
3896.00,3.32
3897.00,4.23
3898.00,2.73
3899.00,1.67
3900.00,2.79
3901.00,2.65
3902.00,3.12
3903.00,3.50
3904.00,1.00
3905.00,3.88
3906.00,3.16
3908.00,2.18
3909.00,2.68
3910.00,3.82
3911.00,4.07
3912.00,2.30
3913.00,2.91
3914.00,3.33
3915.00,3.51
3916.00,3.92
3917.00,3.11
3918.00,2.80
3919.00,2.23
3920.00,3.71
3921.00,2.64
3922.00,2.59
3923.00,2.58
3924.00,2.92
3925.00,3.85
3926.00,3.36
3927.00,3.58
3928.00,3.44
3929.00,3.99
3930.00,3.26
3931.00,2.04
3932.00,3.75
3933.00,2.25
3934.00,3.04
3935.00,3.00
3936.00,3.72
3937.00,2.94
3938.00,1.93
3939.00,1.96
3940.00,1.73
3941.00,2.05
3942.00,1.79
3943.00,3.05
3944.00,2.11
3945.00,1.49
3946.00,2.26
3947.00,3.47
3948.00,3.64
3949.00,4.12
3950.00,3.67
3951.00,3.90
3952.00,3.78
